id,use_case,size,prompt,expected_output_schema
INV-S-001,invoice_parsing,S,"You are a data extraction API. Extract all key information from the following invoice and return it as JSON.

---

BluePeak Logistics
Invoice BP-8821
Date Issued: 2026-03-08
Due Date: 2026-04-08

Services rendered:
- Rotterdam port transfer: freight handling and dockside coordination for containerised cargo arriving from Hamburg. All documentation filed with Dutch customs authority on 2026-03-06.
- Refrigerated trucking: temperature-controlled road transport from Rotterdam port to cold-storage facility in Utrecht, covering 78 km. Vehicle compliant with ATP certification. Delivery confirmed 2026-03-09.
- Customs brokerage: preparation and submission of import declarations, HS code classification, and liaison with NVWA for phytosanitary clearance.

Subtotal: EUR 7,240.00
VAT 9%: EUR 651.60
Grand Total: EUR 7,891.60
Payment Status: Pending
Bank: ING NL — IBAN NL91INGB0001234567

---

Return ONLY valid JSON matching the schema. No explanation, no markdown, no extra keys.","{""vendor"": ""string"", ""invoice_number"": ""string"", ""invoice_date"": ""string"", ""total_amount"": ""number"", ""currency"": ""string""}"
INV-S-002,invoice_parsing,S,"You are a data extraction API. Extract all key information from the following invoice and return it as JSON.

---

Northwind Analytics BV
Invoice Number: INV-2026-1844
Invoice Date: 2026-04-12
Client: Solara Retail Group NV

Description of services:
Enterprise Reporting Subscription — annual licence for the Northwind BI platform covering unlimited dashboard users, scheduled PDF exports, and API data access up to 5M calls per month. Includes priority support with 4-hour SLA and dedicated customer success manager.

On-boarding session (4 hours): initial platform configuration, SSO integration with client's Azure Active Directory, and training workshop for 12 end users conducted remotely on 2026-04-03.

Subscription Fee (12 months): EUR 4,800.00
On-boarding: EUR 600.00
VAT 21%: EUR 1,134.00
Total Due: EUR 6,534.00
Currency: EUR
Payment Terms: 30 days net

---

Return ONLY valid JSON matching the schema. No explanation, no markdown, no extra keys.","{""vendor"": ""string"", ""invoice_number"": ""string"", ""invoice_date"": ""string"", ""total_amount"": ""number"", ""currency"": ""string""}"
INV-S-003,invoice_parsing,S,"You are a data extraction API. Extract all key information from the following invoice and return it as JSON.

---

Velaro Design Studio
Invoice: VDS-2026-0392
Issued: 2026-02-20
Client: Meridian Property Group

Project: Brand identity refresh — Phase 1
Scope delivered: logo redesign (3 concepts, 2 revision rounds), brand guidelines document (typography, colour palette, icon set), stationery suite (letterhead, business card, email signature), and social media asset pack (12 templates for LinkedIn and Instagram).

All files delivered as AI, PDF, PNG and SVG via shared Dropbox folder on 2026-02-18. Final sign-off received from client on 2026-02-19.

Design Fee: EUR 3,200.00
Printing coordination (outsourced): EUR 480.00
VAT 21%: EUR 763.20
Total: EUR 4,443.20
Payment Status: Unpaid
Due: 2026-03-22

---

Return ONLY valid JSON matching the schema. No explanation, no markdown, no extra keys.","{""vendor"": ""string"", ""invoice_number"": ""string"", ""invoice_date"": ""string"", ""total_amount"": ""number"", ""currency"": ""string""}"
INV-S-004,invoice_parsing,S,"You are a data extraction API. Extract all key information from the following invoice and return it as JSON.

---

TechServ Solutions GmbH
Invoice No.: TS-20260115
Date: 2026-01-15
Bill To: Farrow & Linden Consulting

IT infrastructure maintenance — Q4 2025:
Monthly server monitoring and patching (3 servers, Oct–Dec 2025), helpdesk support (avg 22 tickets/month), network switch replacement at Amsterdam office (parts + labour), SSL certificate renewal for 4 domains, and annual backup integrity audit.

Server monitoring (3 months x EUR 420): EUR 1,260.00
Helpdesk support (3 months x EUR 380): EUR 1,140.00
Network switch (hardware + labour): EUR 890.00
SSL renewals: EUR 120.00
Backup audit: EUR 250.00
Subtotal: EUR 3,660.00
VAT 21%: EUR 768.60
Total: EUR 4,428.60
Payment due: 2026-02-15

---

Return ONLY valid JSON matching the schema. No explanation, no markdown, no extra keys.","{""vendor"": ""string"", ""invoice_number"": ""string"", ""invoice_date"": ""string"", ""total_amount"": ""number"", ""currency"": ""string""}"
INV-M-001,invoice_parsing,M,"You are a data extraction API. Extract all key information from the following invoice and return it as JSON.

---

Arctis Manufacturing BV
VAT: NL855321654B01
Houtlaan 14, 3016 DA Rotterdam, Netherlands
Contact: finance@arctis.nl

Invoice To:
Pemberton Industrial Supplies Ltd
Unit 4, Forge Road, Sheffield S9 2PH, United Kingdom
PO Reference: PEM-2026-00741

Invoice Number: ARC-INV-2026-0055
Invoice Date: 2026-03-01
Due Date: 2026-04-01
Payment Terms: Net 30
Currency: EUR

Line Items:
1. Stainless steel flanges DN50 PN16 (304 grade) — Qty 200 @ EUR 18.40 each = EUR 3,680.00
2. Stainless steel flanges DN80 PN16 (316L grade) — Qty 120 @ EUR 26.75 each = EUR 3,210.00
3. Hex bolts M16x80 A2 stainless, box of 50 — Qty 30 @ EUR 34.00 each = EUR 1,020.00
4. PTFE gaskets DN50, pack of 10 — Qty 40 @ EUR 12.50 each = EUR 500.00
5. PTFE gaskets DN80, pack of 10 — Qty 24 @ EUR 16.80 each = EUR 403.20
6. Freight (DAP Sheffield, via DHL Freight road) — EUR 320.00

Subtotal: EUR 9,133.20
Discount (2% early payment, if settled by 2026-03-15): EUR 182.66
Subtotal after discount: EUR 8,950.54
VAT 0% (intra-EU reverse charge, Art. 44 VAT Directive): EUR 0.00
Total Due: EUR 9,133.20 (EUR 8,950.54 if paid by 2026-03-15)
Payment Status: Unpaid
Bank: Rabobank — IBAN NL44RABO0123456789 — BIC RABONL2U

---

Return ONLY valid JSON matching the schema. No explanation, no markdown, no extra keys.","{""vendor"": ""string"", ""invoice_number"": ""string"", ""invoice_date"": ""string"", ""due_date"": ""string"", ""subtotal"": ""number"", ""tax"": ""number"", ""total_amount"": ""number"", ""currency"": ""string"", ""line_items"": [{""description"": ""string"", ""quantity"": ""number"", ""unit_price"": ""number"", ""total"": ""number""}], ""payment_status"": ""string""}"
INV-M-002,invoice_parsing,M,"You are a data extraction API. Extract all key information from the following invoice and return it as JSON.

---

Luminos Creative Agency
Keizersgracht 210, 1016 DW Amsterdam
KVK: 72841965 | VAT: NL872841965B01
accounts@luminos.nl

Client: Apex Sports NV, Sportlaan 5, 2719 EK Zoetermeer
Invoice: LCA-2026-0178
Date: 2026-04-05
Due: 2026-05-05
PO: APX-MKT-2026-112

Scope: Q2 2026 campaign creative production

1. Campaign concept development (3 routes, client selected Route B) — 24 hrs @ EUR 115/hr = EUR 2,760.00
2. Video production — 30-second hero ad (pre-production, 1-day shoot, post-production, colour grade, 3 edit rounds) = EUR 8,400.00
3. Static ad suite — 18 formats for Meta, Google Display, and programmatic (retouching, resizing, adaptation) = EUR 2,100.00
4. Copywriting — campaign tagline, 6 ad headlines, 12 body copy variants (EN + NL) = EUR 960.00
5. Photography licensing — 3 athlete images, 12-month digital rights, EU territory = EUR 1,800.00
6. Project management (8 weeks) — EUR 640.00

Subtotal: EUR 16,660.00
VAT 21%: EUR 3,498.60
Total: EUR 20,158.60
Payment Status: Awaiting approval
Notes: Rush delivery surcharge waived as agreed in SOW amendment dated 2026-03-28.

---

Return ONLY valid JSON matching the schema. No explanation, no markdown, no extra keys.","{""vendor"": ""string"", ""invoice_number"": ""string"", ""invoice_date"": ""string"", ""due_date"": ""string"", ""subtotal"": ""number"", ""tax"": ""number"", ""total_amount"": ""number"", ""currency"": ""string"", ""line_items"": [{""description"": ""string"", ""quantity"": ""number"", ""unit_price"": ""number"", ""total"": ""number""}], ""payment_status"": ""string""}"
INV-M-003,invoice_parsing,M,"You are a data extraction API. Extract all key information from the following invoice and return it as JSON.

---

Groenhart Facility Services BV
Industrieweg 88, 5301 KA Zaltbommel | VAT NL004567123B01
Invoice: GFS-2026-Q1-0034
Period: January – March 2026
Issued: 2026-04-02 | Due: 2026-05-02

Client: Deltacore Offices BV, Beatrixlaan 20, 2595 AL Den Haag

Services provided under maintenance contract MC-2024-017:

1. Office cleaning — 5 days/week, 3 floors, 13 weeks @ EUR 620/week = EUR 8,060.00
2. Window cleaning (external + internal, quarterly) — EUR 1,240.00
3. Sanitary supplies replenishment (paper products, soap, sanitiser) — EUR 387.50
4. HVAC filter replacement (4 units, Q1 scheduled maintenance) — EUR 560.00
5. Emergency call-out: water leak response 2026-02-14 (4 hrs + materials) — EUR 390.00
6. Pest control inspection (quarterly, 2 visits) — EUR 220.00
7. Waste collection coordination — confidential document shredding, 8 runs — EUR 264.00

Subtotal: EUR 11,121.50
VAT 21%: EUR 2,335.52
Total: EUR 13,457.02
Payment Status: Pending
Method: Bank transfer — IBAN NL29ABNA0123456789

---

Return ONLY valid JSON matching the schema. No explanation, no markdown, no extra keys.","{""vendor"": ""string"", ""invoice_number"": ""string"", ""invoice_date"": ""string"", ""due_date"": ""string"", ""subtotal"": ""number"", ""tax"": ""number"", ""total_amount"": ""number"", ""currency"": ""string"", ""line_items"": [{""description"": ""string"", ""quantity"": ""number"", ""unit_price"": ""number"", ""total"": ""number""}], ""payment_status"": ""string""}"
INV-M-004,invoice_parsing,M,"You are a data extraction API. Extract all key information from the following invoice and return it as JSON.

---

Solvera IT Consultancy
Bergweg 55, 3037 EG Rotterdam | KVK 68412390
billing@solvera.nl | +31 10 412 8800

Invoice To: Marengo Pharma BV, Science Park 402, 1098 XH Amsterdam
Invoice: SOL-2026-0221
Date: 2026-03-31 | Due: 2026-04-30
Reference: SOW-MPH-2026-04

Consulting services — March 2026:

1. Cloud migration assessment (AWS to Azure): architecture review, dependency mapping, risk register — 32 hrs @ EUR 145 = EUR 4,640.00
2. Azure landing zone design: network topology, identity (Entra ID), governance policies, naming conventions — 28 hrs @ EUR 145 = EUR 4,060.00
3. Proof-of-concept deployment (dev environment): ARM templates, CI/CD pipeline (Azure DevOps), monitoring (Azure Monitor + Log Analytics) — 40 hrs @ EUR 145 = EUR 5,800.00
4. Stakeholder workshop facilitation (2 sessions x 3 hrs) — 6 hrs @ EUR 160 = EUR 960.00
5. Technical documentation (architecture decision records, runbooks) — 16 hrs @ EUR 130 = EUR 2,080.00
6. Travel expenses (2 on-site visits Amsterdam) — EUR 186.00

Subtotal: EUR 17,726.00
VAT 21%: EUR 3,722.46
Total Due: EUR 21,448.46
Payment Status: Unpaid

---

Return ONLY valid JSON matching the schema. No explanation, no markdown, no extra keys.","{""vendor"": ""string"", ""invoice_number"": ""string"", ""invoice_date"": ""string"", ""due_date"": ""string"", ""subtotal"": ""number"", ""tax"": ""number"", ""total_amount"": ""number"", ""currency"": ""string"", ""line_items"": [{""description"": ""string"", ""quantity"": ""number"", ""unit_price"": ""number"", ""total"": ""number""}], ""payment_status"": ""string""}"
INV-L-001,invoice_parsing,L,"You are a data extraction API. Extract all key information from the following invoice and return it as JSON.

---

VENDOR:
Arctis Manufacturing BV
Houtlaan 14, 3016 DA Rotterdam, The Netherlands
VAT Registration: NL855321654B01
Chamber of Commerce: 24561890
Contact: Dirk van Houten, d.vanhouten@arctis.nl, +31 10 412 6600
Bank: Rabobank | IBAN NL44RABO0123456789 | BIC RABONL2U

BUYER:
Pemberton Industrial Supplies Ltd
Unit 4, Forge Road, Sheffield S9 2PH, United Kingdom
VAT: GB123456789
Contact: Sarah Briggs, s.briggs@pemberton.co.uk
Purchase Order: PEM-2026-00741 | Issued: 2026-02-10

INVOICE DETAILS:
Invoice Number: ARC-INV-2026-0055
Invoice Date: 2026-03-01
Due Date: 2026-04-01
Payment Terms: Net 30 days from invoice date
Currency: EUR

LINE ITEMS:
SKU ARC-FL-DN50-304 | Stainless steel flanges DN50 PN16 (304 grade) | Category: Pipe fittings | Qty 200 | Unit EUR 18.40 | Discount 0% | VAT 0% | Line total EUR 3,680.00
SKU ARC-FL-DN80-316L | Stainless steel flanges DN80 PN16 (316L grade) | Category: Pipe fittings | Qty 120 | Unit EUR 26.75 | Discount 2% | VAT 0% | Line total EUR 3,145.80
SKU ARC-BOLT-M16-A2 | Hex bolts M16x80 A2 stainless, box of 50 | Category: Fasteners | Qty 30 | Unit EUR 34.00 | Discount 0% | VAT 0% | Line total EUR 1,020.00
SKU ARC-PTFE-DN50 | PTFE gaskets DN50, pack of 10 | Category: Seals & gaskets | Qty 40 | Unit EUR 12.50 | Discount 0% | VAT 0% | Line total EUR 500.00
SKU ARC-PTFE-DN80 | PTFE gaskets DN80, pack of 10 | Category: Seals & gaskets | Qty 24 | Unit EUR 16.80 | Discount 0% | VAT 0% | Line total EUR 403.20
SKU ARC-FREIGHT-SHF | Freight DAP Sheffield via DHL road | Category: Logistics | Qty 1 | Unit EUR 320.00 | Discount 0% | VAT 0% | Line total EUR 320.00

FINANCIALS:
Subtotal: EUR 9,069.00
Discount total: EUR 64.50
Tax total: EUR 0.00 (intra-EU reverse charge Article 44 VAT Directive — buyer accounts for VAT)
Total Amount Due: EUR 9,069.00
Payment Status: Unpaid

NOTES:
Goods dispatched 2026-02-28 via DHL Freight, tracking DE4912837650. Estimated delivery Sheffield 2026-03-04. Certificate of conformity and material test reports (EN 10204 3.1) attached. Reverse charge applies — buyer to self-assess VAT under UK postponed accounting rules. Disputes to be raised within 14 days of invoice date.

---

Return ONLY valid JSON matching the schema. No explanation, no markdown, no extra keys.","{""vendor"": {""name"": ""string"", ""address"": ""string"", ""vat_number"": ""string"", ""contact_email"": ""string""}, ""buyer"": {""name"": ""string"", ""address"": ""string"", ""purchase_order_number"": ""string""}, ""invoice_number"": ""string"", ""invoice_date"": ""string"", ""due_date"": ""string"", ""payment_terms"": ""string"", ""currency"": ""string"", ""line_items"": [{""sku"": ""string"", ""description"": ""string"", ""quantity"": ""number"", ""unit_price"": ""number"", ""discount_percent"": ""number"", ""tax_rate"": ""number"", ""total"": ""number""}], ""subtotal"": ""number"", ""discount_total"": ""number"", ""tax_total"": ""number"", ""total_amount"": ""number"", ""payment_status"": ""string"", ""notes"": ""string""}"
INV-L-002,invoice_parsing,L,"You are a data extraction API. Extract all key information from the following invoice and return it as JSON.

---

VENDOR:
Luminos Creative Agency
Keizersgracht 210, 1016 DW Amsterdam, Netherlands
KVK: 72841965 | VAT: NL872841965B01
Contact: Rosa Dijk, r.dijk@luminos.nl, +31 20 530 4400
Bank: ABN AMRO | IBAN NL91ABNA0417164300 | BIC ABNANL2A

BUYER:
Apex Sports NV
Sportlaan 5, 2719 EK Zoetermeer, Netherlands
VAT: NL004219876B01
Contact: Tim Hoekstra, t.hoekstra@apexsports.nl
Purchase Order: APX-MKT-2026-112 | Issued: 2026-03-15

INVOICE DETAILS:
Invoice Number: LCA-2026-0178
Invoice Date: 2026-04-05
Due Date: 2026-05-05
Payment Terms: Net 30
Currency: EUR

LINE ITEMS:
SKU LCA-CON-001 | Campaign concept development — 3 routes, 24 hrs | Category: Strategy | Qty 1 | Unit EUR 2,760.00 | Discount 0% | VAT 21% | Line total EUR 2,760.00
SKU LCA-VID-001 | Video production — 30s hero ad, full pipeline | Category: Production | Qty 1 | Unit EUR 8,400.00 | Discount 5% | VAT 21% | Line total EUR 7,980.00
SKU LCA-STA-018 | Static ad suite — 18 formats, Meta + Google + programmatic | Category: Design | Qty 1 | Unit EUR 2,100.00 | Discount 0% | VAT 21% | Line total EUR 2,100.00
SKU LCA-COPY-001 | Copywriting — taglines, headlines, body copy EN+NL | Category: Copy | Qty 1 | Unit EUR 960.00 | Discount 0% | VAT 21% | Line total EUR 960.00
SKU LCA-PHOTO-LIC | Photography licensing — 3 athletes, 12mo EU digital | Category: Licensing | Qty 1 | Unit EUR 1,800.00 | Discount 0% | VAT 21% | Line total EUR 1,800.00
SKU LCA-PM-001 | Project management — 8 weeks | Category: Management | Qty 1 | Unit EUR 640.00 | Discount 0% | VAT 21% | Line total EUR 640.00

FINANCIALS:
Subtotal: EUR 16,240.00
Discount total: EUR 420.00
Tax total (VAT 21%): EUR 3,410.40
Total Amount Due: EUR 19,650.40
Payment Status: Awaiting client approval

NOTES:
Rush delivery surcharge waived per SOW amendment 2026-03-28. All video deliverables provided as H.264 MP4 (master) and ProRes 422 (archive). Static assets delivered via WeTransfer link valid until 2026-05-05. Revisions beyond contracted rounds billed at EUR 115/hr. Client sign-off on Route B received via email 2026-03-22.

---

Return ONLY valid JSON matching the schema. No explanation, no markdown, no extra keys.","{""vendor"": {""name"": ""string"", ""address"": ""string"", ""vat_number"": ""string"", ""contact_email"": ""string""}, ""buyer"": {""name"": ""string"", ""address"": ""string"", ""purchase_order_number"": ""string""}, ""invoice_number"": ""string"", ""invoice_date"": ""string"", ""due_date"": ""string"", ""payment_terms"": ""string"", ""currency"": ""string"", ""line_items"": [{""sku"": ""string"", ""description"": ""string"", ""quantity"": ""number"", ""unit_price"": ""number"", ""discount_percent"": ""number"", ""tax_rate"": ""number"", ""total"": ""number""}], ""subtotal"": ""number"", ""discount_total"": ""number"", ""tax_total"": ""number"", ""total_amount"": ""number"", ""payment_status"": ""string"", ""notes"": ""string""}"
INV-L-003,invoice_parsing,L,"You are a data extraction API. Extract all key information from the following invoice and return it as JSON.

---

VENDOR:
Solvera IT Consultancy BV
Bergweg 55, 3037 EG Rotterdam, Netherlands
KVK: 68412390 | VAT: NL868412390B01
Contact: Marc Prins, m.prins@solvera.nl, +31 10 412 8800
Bank: ING | IBAN NL29INGB0123456789 | BIC INGBNL2A

BUYER:
Marengo Pharma BV
Science Park 402, 1098 XH Amsterdam, Netherlands
VAT: NL003981245B01
Contact: Fatima El-Amin, f.elamin@marengopharma.nl
PO Reference: SOW-MPH-2026-04

INVOICE DETAILS:
Invoice Number: SOL-2026-0221
Invoice Date: 2026-03-31
Due Date: 2026-04-30
Payment Terms: 30 days net
Currency: EUR

LINE ITEMS:
SKU SOL-ASSESS-001 | Cloud migration assessment (AWS→Azure) — 32 hrs | Category: Consulting | Qty 32 | Unit EUR 145.00 | Discount 0% | VAT 21% | Line total EUR 4,640.00
SKU SOL-DESIGN-001 | Azure landing zone design — 28 hrs | Category: Architecture | Qty 28 | Unit EUR 145.00 | Discount 0% | VAT 21% | Line total EUR 4,060.00
SKU SOL-POC-001 | PoC deployment — ARM templates, CI/CD, monitoring — 40 hrs | Category: Engineering | Qty 40 | Unit EUR 145.00 | Discount 0% | VAT 21% | Line total EUR 5,800.00
SKU SOL-WS-001 | Stakeholder workshops — 2 sessions x 3 hrs | Category: Facilitation | Qty 6 | Unit EUR 160.00 | Discount 0% | VAT 21% | Line total EUR 960.00
SKU SOL-DOC-001 | Technical documentation — ADRs, runbooks — 16 hrs | Category: Documentation | Qty 16 | Unit EUR 130.00 | Discount 0% | VAT 21% | Line total EUR 2,080.00
SKU SOL-TRAVEL-001 | Travel expenses — 2 on-site visits Amsterdam | Category: Expenses | Qty 1 | Unit EUR 186.00 | Discount 0% | VAT 0% | Line total EUR 186.00

FINANCIALS:
Subtotal: EUR 17,726.00
Discount total: EUR 0.00
Tax total (VAT 21% on services): EUR 3,680.46
Total Amount Due: EUR 21,406.46
Payment Status: Unpaid

NOTES:
All work performed under SOW MPH-2026-04 signed 2026-02-28. Time logs available on request. Architecture Decision Records stored in client's Azure DevOps wiki. Next phase (migration execution) subject to separate SOW. Expenses claimed per actual receipts attached.

---

Return ONLY valid JSON matching the schema. No explanation, no markdown, no extra keys.","{""vendor"": {""name"": ""string"", ""address"": ""string"", ""vat_number"": ""string"", ""contact_email"": ""string""}, ""buyer"": {""name"": ""string"", ""address"": ""string"", ""purchase_order_number"": ""string""}, ""invoice_number"": ""string"", ""invoice_date"": ""string"", ""due_date"": ""string"", ""payment_terms"": ""string"", ""currency"": ""string"", ""line_items"": [{""sku"": ""string"", ""description"": ""string"", ""quantity"": ""number"", ""unit_price"": ""number"", ""discount_percent"": ""number"", ""tax_rate"": ""number"", ""total"": ""number""}], ""subtotal"": ""number"", ""discount_total"": ""number"", ""tax_total"": ""number"", ""total_amount"": ""number"", ""payment_status"": ""string"", ""notes"": ""string""}"
INV-L-004,invoice_parsing,L,"You are a data extraction API. Extract all key information from the following invoice and return it as JSON.

---

VENDOR:
Groenhart Facility Services BV
Industrieweg 88, 5301 KA Zaltbommel, Netherlands
KVK: 55678901 | VAT: NL004567123B01
Contact: Bianca Smeets, b.smeets@groenhart.nl, +31 418 612 400
Bank: Triodos | IBAN NL08TRIO0123456789 | BIC TRIONL2U

BUYER:
Deltacore Offices BV
Beatrixlaan 20, 2595 AL Den Haag, Netherlands
VAT: NL002345678B01
Contact: Jan-Willem Kok, jw.kok@deltacore.nl
Contract Reference: MC-2024-017

INVOICE DETAILS:
Invoice Number: GFS-2026-Q1-0034
Invoice Date: 2026-04-02
Due Date: 2026-05-02
Payment Terms: 30 days
Currency: EUR
Period: January – March 2026

LINE ITEMS:
SKU GFS-CLEAN-WK | Office cleaning 5d/week, 3 floors — 13 weeks | Category: Cleaning | Qty 13 | Unit EUR 620.00 | Discount 0% | VAT 21% | Line total EUR 8,060.00
SKU GFS-WINDOW-Q1 | Window cleaning external + internal, quarterly | Category: Cleaning | Qty 1 | Unit EUR 1,240.00 | Discount 0% | VAT 21% | Line total EUR 1,240.00
SKU GFS-SANITARY | Sanitary supplies — paper, soap, sanitiser | Category: Consumables | Qty 1 | Unit EUR 387.50 | Discount 0% | VAT 21% | Line total EUR 387.50
SKU GFS-HVAC-Q1 | HVAC filter replacement — 4 units scheduled | Category: Maintenance | Qty 4 | Unit EUR 140.00 | Discount 0% | VAT 21% | Line total EUR 560.00
SKU GFS-CALLOUT | Emergency call-out water leak 2026-02-14 | Category: Reactive | Qty 1 | Unit EUR 390.00 | Discount 0% | VAT 21% | Line total EUR 390.00
SKU GFS-PEST-Q1 | Pest control inspection — 2 quarterly visits | Category: Maintenance | Qty 2 | Unit EUR 110.00 | Discount 0% | VAT 21% | Line total EUR 220.00
SKU GFS-SHRED | Confidential document shredding — 8 runs | Category: Waste | Qty 8 | Unit EUR 33.00 | Discount 0% | VAT 21% | Line total EUR 264.00

FINANCIALS:
Subtotal: EUR 11,121.50
Discount total: EUR 0.00
Tax total (VAT 21%): EUR 2,335.52
Total Amount Due: EUR 13,457.02
Payment Status: Pending

NOTES:
All services delivered under maintenance contract MC-2024-017 effective 2024-06-01. Emergency call-out on 2026-02-14 responded within 2 hours per SLA. Q2 invoice to follow end of June. Waste manifests for shredding available on request. Client satisfaction survey sent 2026-04-03.

---

Return ONLY valid JSON matching the schema. No explanation, no markdown, no extra keys.","{""vendor"": {""name"": ""string"", ""address"": ""string"", ""vat_number"": ""string"", ""contact_email"": ""string""}, ""buyer"": {""name"": ""string"", ""address"": ""string"", ""purchase_order_number"": ""string""}, ""invoice_number"": ""string"", ""invoice_date"": ""string"", ""due_date"": ""string"", ""payment_terms"": ""string"", ""currency"": ""string"", ""line_items"": [{""sku"": ""string"", ""description"": ""string"", ""quantity"": ""number"", ""unit_price"": ""number"", ""discount_percent"": ""number"", ""tax_rate"": ""number"", ""total"": ""number""}], ""subtotal"": ""number"", ""discount_total"": ""number"", ""tax_total"": ""number"", ""total_amount"": ""number"", ""payment_status"": ""string"", ""notes"": ""string""}"
RES-S-001,resume_parsing,S,"You are a resume parsing API. Extract all key information from the following CV and return it as JSON.

---

Name: Priya Nair
Email: priya.nair@email.com | Phone: +31 6 12345678
Title: Senior Data Analyst
Experience: 6 years in data analytics and business intelligence roles.

---

Return ONLY valid JSON matching the schema. No explanation, no markdown, no extra keys.","{""full_name"": ""string"", ""email"": ""string"", ""phone"": ""string"", ""current_title"": ""string"", ""years_of_experience"": ""number""}"
RES-S-002,resume_parsing,S,"You are a resume parsing API. Extract all key information from the following CV and return it as JSON.

---

Name: Thomas Bergmann
Email: t.bergmann@email.de | Phone: +49 89 456789
Current Role: Product Manager
Career: 9 years across SaaS product management in fintech and logistics sectors.

---

Return ONLY valid JSON matching the schema. No explanation, no markdown, no extra keys.","{""full_name"": ""string"", ""email"": ""string"", ""phone"": ""string"", ""current_title"": ""string"", ""years_of_experience"": ""number""}"
RES-S-003,resume_parsing,S,"You are a resume parsing API. Extract all key information from the following CV and return it as JSON.

---

Name: Aisha Okonkwo
Email: a.okonkwo@gmail.com | Phone: +44 7911 234567
Position: UX Designer
Background: 4 years designing mobile and web products for healthcare and retail clients.

---

Return ONLY valid JSON matching the schema. No explanation, no markdown, no extra keys.","{""full_name"": ""string"", ""email"": ""string"", ""phone"": ""string"", ""current_title"": ""string"", ""years_of_experience"": ""number""}"
RES-S-004,resume_parsing,S,"You are a resume parsing API. Extract all key information from the following CV and return it as JSON.

---

Name: Lucas Ferreira
Email: lucas.ferreira@outlook.com | Phone: +351 912 345 678
Role: DevOps Engineer
Experience: 7 years specialising in cloud infrastructure, CI/CD pipelines, and site reliability engineering.

---

Return ONLY valid JSON matching the schema. No explanation, no markdown, no extra keys.","{""full_name"": ""string"", ""email"": ""string"", ""phone"": ""string"", ""current_title"": ""string"", ""years_of_experience"": ""number""}"
RES-M-001,resume_parsing,M,"You are a resume parsing API. Extract all key information from the following CV and return it as JSON.

---

Priya Nair
priya.nair@email.com | +31 6 12345678 | Amsterdam, Netherlands
LinkedIn: linkedin.com/in/priyanair

Senior Data Analyst with 6 years of experience transforming complex datasets into actionable business insights.

Skills: Python, SQL, Tableau, Power BI, dbt, Snowflake, Excel, A/B testing, stakeholder communication

Education:
MSc Business Analytics — Rotterdam School of Management, Erasmus University, 2018
BSc Mathematics — University of Groningen, 2016

Work History:
Senior Data Analyst — ASOS Netherlands (2021–present): built revenue attribution model saving EUR 1.2M annually; led team of 3 junior analysts.
Data Analyst — Booking.com (2018–2021): developed churn prediction models; automated 14 weekly reports saving 20 hrs/week.

Languages: English (fluent), Dutch (B2), Hindi (native)

---

Return ONLY valid JSON matching the schema. No explanation, no markdown, no extra keys.","{""full_name"": ""string"", ""email"": ""string"", ""phone"": ""string"", ""location"": ""string"", ""current_title"": ""string"", ""summary"": ""string"", ""skills"": [""string""], ""education"": [{""degree"": ""string"", ""institution"": ""string"", ""year"": ""number""}]}"
RES-M-002,resume_parsing,M,"You are a resume parsing API. Extract all key information from the following CV and return it as JSON.

---

Thomas Bergmann
t.bergmann@email.de | +49 89 456789 | Munich, Germany

Product Manager — 9 years in SaaS across fintech and logistics

Core Skills: Product roadmapping, OKR frameworks, agile/scrum, user research, Jira, Figma (handoff), SQL basics, stakeholder management, pricing strategy

Education:
MBA — WHU Otto Beisheim School of Management, 2015
BSc Business Information Systems — TU Munich, 2013

Experience:
Senior Product Manager — Netzlink GmbH (2020–present): owned payments product generating EUR 8M ARR; grew NPS from 31 to 58.
Product Manager — FleetLogix AG (2015–2020): launched 3 new modules; reduced time-to-market by 35%.

Certifications: Certified Product Manager (AIPMM), AWS Cloud Practitioner

---

Return ONLY valid JSON matching the schema. No explanation, no markdown, no extra keys.","{""full_name"": ""string"", ""email"": ""string"", ""phone"": ""string"", ""location"": ""string"", ""current_title"": ""string"", ""summary"": ""string"", ""skills"": [""string""], ""education"": [{""degree"": ""string"", ""institution"": ""string"", ""year"": ""number""}]}"
RES-M-003,resume_parsing,M,"You are a resume parsing API. Extract all key information from the following CV and return it as JSON.

---

Aisha Okonkwo
a.okonkwo@gmail.com | +44 7911 234567 | London, UK

UX Designer specialising in mobile-first design for regulated industries — 4 years experience

Skills: Figma, Sketch, InVision, user research, usability testing, accessibility (WCAG 2.1), service design, prototyping, design systems

Education:
BA Graphic Design — Central Saint Martins, UAL, 2020
Foundation Art & Design — Leeds Arts University, 2017

Experience:
Mid UX Designer — Babylon Health (2022–present): redesigned GP appointment flow, reducing drop-off by 28%; member of core design system team.
Junior UX Designer — Marks & Spencer Digital (2020–2022): worked on self-checkout app; ran 40+ user research sessions.

Awards: D&AD New Blood commendation 2020

---

Return ONLY valid JSON matching the schema. No explanation, no markdown, no extra keys.","{""full_name"": ""string"", ""email"": ""string"", ""phone"": ""string"", ""location"": ""string"", ""current_title"": ""string"", ""summary"": ""string"", ""skills"": [""string""], ""education"": [{""degree"": ""string"", ""institution"": ""string"", ""year"": ""number""}]}"
RES-M-004,resume_parsing,M,"You are a resume parsing API. Extract all key information from the following CV and return it as JSON.

---

Lucas Ferreira
lucas.ferreira@outlook.com | +351 912 345 678 | Lisbon, Portugal

DevOps / SRE Engineer — 7 years in cloud infrastructure and reliability

Technical Skills: AWS (EC2, EKS, RDS, S3, Lambda), Terraform, Kubernetes, Docker, GitHub Actions, ArgoCD, Prometheus, Grafana, Python, Bash, Linux, PostgreSQL

Education:
BSc Computer Science — Instituto Superior Técnico, Lisbon, 2017

Experience:
Senior DevOps Engineer — Feedzai (2021–present): reduced P1 incident MTTR from 47 min to 12 min; migrated 3 monoliths to microservices on EKS.
DevOps Engineer — Farfetch (2017–2021): built zero-downtime deployment pipeline handling 2M daily requests; led on-call rotation for 18 months.

Certifications: AWS Solutions Architect Professional, CKA (Kubernetes), HashiCorp Terraform Associate

---

Return ONLY valid JSON matching the schema. No explanation, no markdown, no extra keys.","{""full_name"": ""string"", ""email"": ""string"", ""phone"": ""string"", ""location"": ""string"", ""current_title"": ""string"", ""summary"": ""string"", ""skills"": [""string""], ""education"": [{""degree"": ""string"", ""institution"": ""string"", ""year"": ""number""}]}"
RES-L-001,resume_parsing,L,"You are a resume parsing API. Extract all key information from the following CV and return it as JSON.

---

Priya Nair
priya.nair@email.com | +31 6 12345678 | Amsterdam, Netherlands
LinkedIn: linkedin.com/in/priyanair | Portfolio: priyanair.io

Senior Data Analyst | 6 Years Experience | Open to senior IC or team lead roles

PROFESSIONAL SUMMARY
Results-driven data analyst with a track record of delivering high-impact analytics solutions in e-commerce and travel. Expert in Python and SQL pipelines, self-serve BI tooling, and communicating findings to C-suite. Currently exploring opportunities in data engineering or analytics engineering.

CORE SKILLS
Technical: Python (pandas, scikit-learn, Great Expectations), SQL (advanced), dbt, Snowflake, BigQuery, Tableau, Power BI, Looker, Airflow, Git, Spark (basic)
Soft: Executive storytelling, cross-functional leadership, data literacy training, agile delivery

EDUCATION
MSc Business Analytics — Rotterdam School of Management, Erasmus University — 2018 — GPA 8.2/10
BSc Mathematics — University of Groningen — 2016 — Graduated with distinction

WORK EXPERIENCE
Senior Data Analyst — ASOS Netherlands — Amsterdam — Jan 2021 – present
- Architected multi-touch revenue attribution model; identified EUR 1.2M in misattributed spend
- Led A/B testing framework adoption across 4 product teams (6 analysts trained)
- Built Snowflake data vault for marketing data; reduced query costs 40%
- Line managed 3 junior analysts; ran bi-weekly 1:1s and quarterly reviews

Data Analyst — Booking.com — Amsterdam — Sep 2018 – Dec 2020
- Developed logistic regression churn model; retention team reduced churn by 8%
- Automated 14 recurring weekly reports saving 20 hours/week across business
- Presented monthly KPI review to VP Analytics and finance leadership

CERTIFICATIONS: dbt Certified Developer, Google Data Analytics Professional Certificate
LANGUAGES: English (fluent), Dutch (B2), Hindi (native)

---

Return ONLY valid JSON matching the schema. No explanation, no markdown, no extra keys.","{""full_name"": ""string"", ""email"": ""string"", ""phone"": ""string"", ""location"": ""string"", ""linkedin_url"": ""string"", ""current_title"": ""string"", ""summary"": ""string"", ""years_of_experience"": ""number"", ""skills"": [""string""], ""education"": [{""degree"": ""string"", ""institution"": ""string"", ""field"": ""string"", ""year"": ""number"", ""gpa"": ""string""}], ""work_experience"": [{""title"": ""string"", ""company"": ""string"", ""location"": ""string"", ""start_date"": ""string"", ""end_date"": ""string"", ""responsibilities"": [""string""]}], ""certifications"": [""string""], ""languages"": [""string""]}"
RES-L-002,resume_parsing,L,"You are a resume parsing API. Extract all key information from the following CV and return it as JSON.

---

Thomas Bergmann
t.bergmann@email.de | +49 89 456789 | Munich, Germany
LinkedIn: linkedin.com/in/thomas-bergmann-pm

Senior Product Manager | Fintech & Logistics SaaS | 9 Years

SUMMARY
Strategic product leader with a strong technical foundation and a history of scaling B2B SaaS products from EUR 2M to EUR 8M ARR. Comfortable from discovery through delivery; known for ruthless prioritisation and ability to align engineering, sales, and design around a shared outcome.

SKILLS
Product: Jobs-to-be-done, continuous discovery, OKR setting, outcome-based roadmaps, pricing & packaging, competitive analysis, user research, usability testing
Tools: Jira, Linear, Figma (handoff), Mixpanel, Amplitude, Pendo, Salesforce, SQL (intermediate)
Soft: Executive stakeholder management, remote team leadership, partner negotiation

EDUCATION
MBA — WHU Otto Beisheim School of Management — Vallendar — 2015 — Distinction
BSc Business Information Systems — Technische Universität München — 2013 — GPA 1.8

EXPERIENCE
Senior Product Manager — Netzlink GmbH — Munich — Mar 2020 – present
- Owned Payments product (EUR 8M ARR, 340 enterprise clients); grew NPS from 31 to 58 in 18 months
- Reduced time from discovery to GA by 6 weeks through continuous discovery cadence
- Negotiated 3 strategic API partnerships (Klarna, Stripe, Adyen) increasing ARPU 22%
- Managed 2 associate PMs; introduced structured product reviews and RFC process

Product Manager — FleetLogix AG — Hamburg — Aug 2015 – Feb 2020
- Launched Route Optimisation, Driver App, and Reporting modules; each reached break-even in under 12 months
- Reduced time-to-market by 35% via cross-functional squads and improved definition-of-ready
- Led EUR 1.4M BMBF-funded R&D project on predictive maintenance

CERTIFICATIONS: Certified Product Manager (AIPMM), AWS Cloud Practitioner, Pragmatic Marketing Level 5
LANGUAGES: German (native), English (fluent), Spanish (B1)

---

Return ONLY valid JSON matching the schema. No explanation, no markdown, no extra keys.","{""full_name"": ""string"", ""email"": ""string"", ""phone"": ""string"", ""location"": ""string"", ""linkedin_url"": ""string"", ""current_title"": ""string"", ""summary"": ""string"", ""years_of_experience"": ""number"", ""skills"": [""string""], ""education"": [{""degree"": ""string"", ""institution"": ""string"", ""field"": ""string"", ""year"": ""number"", ""gpa"": ""string""}], ""work_experience"": [{""title"": ""string"", ""company"": ""string"", ""location"": ""string"", ""start_date"": ""string"", ""end_date"": ""string"", ""responsibilities"": [""string""]}], ""certifications"": [""string""], ""languages"": [""string""]}"
RES-L-003,resume_parsing,L,"You are a resume parsing API. Extract all key information from the following CV and return it as JSON.

---

Aisha Okonkwo
a.okonkwo@gmail.com | +44 7911 234567 | London, United Kingdom
LinkedIn: linkedin.com/in/aishaokonkwo | Portfolio: aishaokonkwo.com

UX Designer | Healthcare & Retail | 4 Years

PROFESSIONAL SUMMARY
Human-centred designer passionate about accessibility and inclusive design in regulated industries. Experienced in running end-to-end research and design for complex transactional flows on mobile and web. Currently contributing to a cross-functional design system team.

SKILLS
Design: Figma, Sketch, InVision, Framer, Adobe XD, Lottie animations
Research: moderated usability testing, unmoderated testing (Maze, UserTesting), contextual inquiry, tree testing, card sorting, diary studies
Accessibility: WCAG 2.1 AA audit, screen reader testing (NVDA, VoiceOver), colour contrast compliance
Other: design tokens, component libraries, service design, Jobs-to-be-done, design critique facilitation

EDUCATION
BA Graphic Design — Central Saint Martins, UAL — London — 2020 — First Class Honours
Foundation Art & Design — Leeds Arts University — 2017

WORK EXPERIENCE
Mid UX Designer — Babylon Health — London — Jul 2022 – present
- Redesigned GP appointment booking flow: drop-off reduced 28%, completion time reduced 34%
- Core contributor to Babylon Design System (50+ components, 6 squads consuming)
- Ran 40+ moderated usability sessions and 3 large-scale unmoderated studies (n=200+)
- Mentored 1 junior designer; led monthly design critique sessions for 12-person team

Junior UX Designer — Marks & Spencer Digital — London — Sep 2020 – Jun 2022
- Designed self-checkout app feature for 300 UK stores; contributed to 12% uplift in checkout NPS
- Ran heuristic evaluations and accessibility audits on 4 legacy flows
- Collaborated with 3 engineering squads using dual-track agile

AWARDS & RECOGNITION: D&AD New Blood commendation 2020, Babylon Health Design Excellence Award 2023
LANGUAGES: English (native), Yoruba (conversational)

---

Return ONLY valid JSON matching the schema. No explanation, no markdown, no extra keys.","{""full_name"": ""string"", ""email"": ""string"", ""phone"": ""string"", ""location"": ""string"", ""linkedin_url"": ""string"", ""current_title"": ""string"", ""summary"": ""string"", ""years_of_experience"": ""number"", ""skills"": [""string""], ""education"": [{""degree"": ""string"", ""institution"": ""string"", ""field"": ""string"", ""year"": ""number"", ""gpa"": ""string""}], ""work_experience"": [{""title"": ""string"", ""company"": ""string"", ""location"": ""string"", ""start_date"": ""string"", ""end_date"": ""string"", ""responsibilities"": [""string""]}], ""certifications"": [""string""], ""languages"": [""string""]}"
RES-L-004,resume_parsing,L,"You are a resume parsing API. Extract all key information from the following CV and return it as JSON.

---

Lucas Ferreira
lucas.ferreira@outlook.com | +351 912 345 678 | Lisbon, Portugal
LinkedIn: linkedin.com/in/lucasferreira-devops | GitHub: github.com/lferreira-ops

Senior DevOps / SRE Engineer | Cloud Infrastructure | 7 Years

SUMMARY
Reliability-focused infrastructure engineer with deep expertise in AWS, Kubernetes, and platform engineering. Built and maintained systems handling millions of daily transactions in fintech and fashion e-commerce. Strong advocate for IaC, GitOps, and SLO-driven operations.

SKILLS
Cloud & Infra: AWS (EC2, EKS, RDS, S3, Lambda, CloudFront, WAF, VPC), GCP (basic), Azure (basic)
IaC & CI/CD: Terraform, Terragrunt, Pulumi (basic), GitHub Actions, ArgoCD, Flux, Jenkins
Containers: Kubernetes (CKA certified), Helm, Docker, containerd, Kustomize
Observability: Prometheus, Grafana, Loki, Tempo, OpenTelemetry, PagerDuty, Datadog
Languages: Python, Bash, Go (basic), SQL

EDUCATION
BSc Computer Science — Instituto Superior Técnico, University of Lisbon — 2017 — GPA 17/20

EXPERIENCE
Senior DevOps Engineer — Feedzai — Lisbon/Remote — Feb 2021 – present
- Reduced P1 incident MTTR from 47 min to 12 min through improved alerting and runbooks
- Migrated 3 monolithic Java services to microservices on EKS; zero customer-impacting downtime
- Built multi-account AWS landing zone with Terraform; 4 BUs onboarded in 3 months
- Defined and monitored SLOs for 12 production services; led quarterly reliability reviews

DevOps Engineer — Farfetch — Porto — Sep 2017 – Jan 2021
- Built blue-green deployment pipeline handling 2M+ daily requests across 190 countries
- Led on-call rotation for platform team (18 months); wrote post-mortems for 22 incidents
- Introduced Prometheus + Grafana stack; replaced 4 legacy monitoring tools
- Mentored 2 junior engineers in AWS and Kubernetes fundamentals

CERTIFICATIONS: AWS Solutions Architect Professional, CKA, HashiCorp Terraform Associate, AWS DevOps Engineer Professional
LANGUAGES: Portuguese (native), English (fluent), Spanish (conversational)

---

Return ONLY valid JSON matching the schema. No explanation, no markdown, no extra keys.","{""full_name"": ""string"", ""email"": ""string"", ""phone"": ""string"", ""location"": ""string"", ""linkedin_url"": ""string"", ""current_title"": ""string"", ""summary"": ""string"", ""years_of_experience"": ""number"", ""skills"": [""string""], ""education"": [{""degree"": ""string"", ""institution"": ""string"", ""field"": ""string"", ""year"": ""number"", ""gpa"": ""string""}], ""work_experience"": [{""title"": ""string"", ""company"": ""string"", ""location"": ""string"", ""start_date"": ""string"", ""end_date"": ""string"", ""responsibilities"": [""string""]}], ""certifications"": [""string""], ""languages"": [""string""]}"
SUM-S-001,summarization,S,"You are a document analysis API. Summarize the following document and return structured JSON.

---

The European Central Bank raised its key interest rate by 25 basis points at its June 2026 meeting, bringing the deposit facility rate to 3.75%. The decision was unanimous among the governing council. ECB President Christine Lagarde stated that inflation, while declining, remained above the 2% target at 2.6% and that the bank would remain data-dependent in future decisions. Markets had priced in a 70% probability of the hike ahead of the announcement. The euro strengthened 0.4% against the dollar following the statement.

---

Return ONLY valid JSON matching the schema. No explanation, no markdown, no extra keys.","{""summary"": ""string"", ""word_count"": ""number"", ""confidence"": ""number""}"
SUM-S-002,summarization,S,"You are a document analysis API. Summarize the following document and return structured JSON.

---

A new meta-analysis published in The Lancet examined 47 randomised controlled trials involving 62,000 participants and found that Mediterranean diet adherence was associated with a 19% reduction in all-cause mortality and a 24% reduction in cardiovascular events over 10-year follow-up periods. The authors noted that olive oil consumption and high vegetable variety were the strongest individual predictors of benefit. The study was funded by the European Research Council and declared no conflicts of interest.

---

Return ONLY valid JSON matching the schema. No explanation, no markdown, no extra keys.","{""summary"": ""string"", ""word_count"": ""number"", ""confidence"": ""number""}"
SUM-S-003,summarization,S,"You are a document analysis API. Summarize the following document and return structured JSON.

---

Amsterdam's municipal council approved a EUR 340 million urban mobility plan on Tuesday aimed at reducing private car use in the city centre by 40% by 2030. Key measures include expanding the tram network by 12 km, introducing congestion pricing on 8 arterial routes, converting 4,200 parking spaces to cycling infrastructure, and subsidising 18,000 e-bike purchases for low-income residents. The plan passed with a coalition majority of 31 votes to 14, with opposition from the VVD and CDA factions.

---

Return ONLY valid JSON matching the schema. No explanation, no markdown, no extra keys.","{""summary"": ""string"", ""word_count"": ""number"", ""confidence"": ""number""}"
SUM-S-004,summarization,S,"You are a document analysis API. Summarize the following document and return structured JSON.

---

Tesla reported Q1 2026 earnings below analyst expectations, with revenue of USD 21.3 billion against a consensus estimate of USD 23.1 billion. Vehicle deliveries totalled 336,000 units, down 8% year-on-year. CEO Elon Musk attributed the decline to planned factory upgrades at Gigafactory Texas and ongoing pricing pressure in the Chinese market from domestic competitors BYD and NIO. Net income fell 41% to USD 1.1 billion. Tesla shares dropped 6.2% in after-hours trading.

---

Return ONLY valid JSON matching the schema. No explanation, no markdown, no extra keys.","{""summary"": ""string"", ""word_count"": ""number"", ""confidence"": ""number""}"
SUM-M-001,summarization,M,"You are a document analysis API. Summarize the following document and return structured JSON.

---

The European Central Bank concluded its June 2026 policy meeting with a 25 basis point increase to the deposit facility rate, now standing at 3.75%. The decision was unanimous. In the post-meeting press conference, ECB President Christine Lagarde emphasised that the governing council was not pre-committing to any particular rate path and would remain strictly data-dependent. Eurozone headline inflation stood at 2.6% in May 2026, down from a peak of 10.6% in October 2022 but still above the 2% target. Core inflation, which excludes energy and food, was 2.9%. Lagarde highlighted that services inflation remained sticky at 3.8% and represented the council's primary concern. The bank revised its 2026 GDP growth forecast upward from 0.8% to 1.1%, citing resilient labour markets and recovering consumer spending in Germany and Spain. Financial markets had priced a 70% probability of the hike prior to the announcement. The euro rose 0.4% against the US dollar and 0.2% against the pound sterling immediately after the statement. Analysts at ING and Deutsche Bank indicated they now expect one further 25bp hike in September before the ECB pauses. Government bond yields in Germany and France ticked up 4–6 basis points across the curve. The bank's next scheduled meeting is 24 July 2026.

---

Return ONLY valid JSON matching the schema. No explanation, no markdown, no extra keys.","{""summary"": ""string"", ""key_points"": [""string""], ""topics"": [""string""], ""word_count"": ""number"", ""confidence"": ""number"", ""source_type"": ""string""}"
SUM-M-002,summarization,M,"You are a document analysis API. Summarize the following document and return structured JSON.

---

A landmark meta-analysis published in The Lancet on 3 June 2026 pooled data from 47 randomised controlled trials involving 62,000 participants across 18 countries and found that adherence to a Mediterranean diet was associated with a 19% reduction in all-cause mortality and a 24% reduction in major cardiovascular events over median 10-year follow-up periods. The study, led by researchers at the University of Barcelona and University College London, used individual participant data rather than aggregate trial data, which the authors argue provides greater statistical precision. Olive oil consumption of more than 20ml per day and consumption of five or more distinct vegetable varieties per week were the strongest individual predictors of mortality benefit, independent of total caloric intake and physical activity levels. The analysis found no significant mortality benefit from fish consumption alone, contradicting some earlier smaller studies. Subgroup analysis showed that benefit was consistent across age groups, sexes, and baseline cardiovascular risk categories. The lead author cautioned that dietary interventions in trial settings often overestimate real-world benefits due to adherence decay and called for longer naturalistic cohort studies. The research was funded by the European Research Council and the Spanish Ministry of Health. Authors declared no conflicts of interest. The paper has already been cited 312 times since pre-publication release on medRxiv in April 2026.

---

Return ONLY valid JSON matching the schema. No explanation, no markdown, no extra keys.","{""summary"": ""string"", ""key_points"": [""string""], ""topics"": [""string""], ""word_count"": ""number"", ""confidence"": ""number"", ""source_type"": ""string""}"
SUM-M-003,summarization,M,"You are a document analysis API. Summarize the following document and return structured JSON.

---

Amsterdam's city council passed a EUR 340 million urban mobility transformation plan by a vote of 31 to 14 on Tuesday 10 June 2026, with support from GroenLinks, D66, PvdA, and SP, and opposition from VVD, CDA, and JA21. The plan targets a 40% reduction in private vehicle trips within the A10 ring road by 2030, measured against 2024 baseline data. Key measures include: extension of tram lines 5 and 26 totalling 12 km of new track with 9 new stops, set to open in phases between 2027 and 2029; introduction of congestion pricing on 8 arterial routes with charges of EUR 2–5 per entry depending on time of day and vehicle emission category; conversion of 4,200 on-street parking spaces to protected cycling lanes and bike-sharing stations; and a targeted e-bike subsidy scheme offering EUR 1,500 per household for residents below 130% of the social minimum wage, expected to benefit 18,000 households. The plan is funded through a combination of national Mobility Fund grants (EUR 180M), municipal reserves (EUR 90M), and projected congestion pricing revenue (EUR 70M over 5 years). Implementation will be overseen by a newly formed Mobility Transition Office reporting directly to the alderman for traffic. Opposition councillors criticised the plan as insufficiently compensating outer-district residents who rely on cars for work.

---

Return ONLY valid JSON matching the schema. No explanation, no markdown, no extra keys.","{""summary"": ""string"", ""key_points"": [""string""], ""topics"": [""string""], ""word_count"": ""number"", ""confidence"": ""number"", ""source_type"": ""string""}"
SUM-M-004,summarization,M,"You are a document analysis API. Summarize the following document and return structured JSON.

---

Tesla released its first-quarter 2026 financial results on 22 April 2026, reporting revenue of USD 21.3 billion, approximately 8% below Wall Street consensus estimates of USD 23.1 billion and down 5% year-over-year from USD 22.4 billion in Q1 2025. Vehicle deliveries totalled 336,000 units, a decline of 8.2% versus Q1 2025 (366,000 units) and well below the 370,000 unit consensus estimate. CEO Elon Musk attributed the shortfall to two primary factors: planned production downtime at Gigafactory Texas for retooling to accommodate the refreshed Model Y Juniper, which reduced capacity by an estimated 40,000 units in the quarter; and intensifying price competition in China where BYD, NIO, and Li Auto have expanded in the USD 30,000–50,000 equivalent segment Tesla has traditionally dominated. Gross automotive margin declined to 14.6% from 17.4% in Q1 2025, reflecting price reductions implemented in January 2026 across all major markets. Net income fell 41% to USD 1.1 billion (USD 0.33 diluted EPS vs USD 0.56 expected). Energy generation and storage revenue was a bright spot at USD 3.1 billion, up 67% year-over-year, with Megapack deployments hitting a quarterly record. Tesla shares fell 6.2% in extended trading. Musk told analysts the company expected Q2 deliveries to recover to 390,000–400,000 units as Texas retooling completes.

---

Return ONLY valid JSON matching the schema. No explanation, no markdown, no extra keys.","{""summary"": ""string"", ""key_points"": [""string""], ""topics"": [""string""], ""word_count"": ""number"", ""confidence"": ""number"", ""source_type"": ""string""}"
SUM-L-001,summarization,L,"You are a document analysis API. Summarize the following document and return structured JSON.

---

THE EUROPEAN CENTRAL BANK'S JUNE 2026 RATE DECISION: CONTEXT, RATIONALE, AND MARKET IMPACT

Background and decision
The European Central Bank's Governing Council concluded its June 2026 monetary policy meeting on 6 June by raising the deposit facility rate by 25 basis points to 3.75%, with the main refinancing rate and marginal lending facility adjusted correspondingly to 4.00% and 4.25%. The decision was unanimous — notable given the dissent seen at the March and April 2026 meetings — signalling a reunified governing council behind the tightening path.

Inflation and economic context
Eurozone headline HICP inflation stood at 2.6% in May 2026, its lowest reading since September 2021 but still above the ECB's 2% symmetric target. The disinflation path since the October 2022 peak of 10.6% has been steep but uneven. Energy deflation has been the primary driver, now contributing -0.8 percentage points. Food inflation has moderated to 2.1%. The sticking point is services inflation, which remains at 3.8% — a level the governing council considers incompatible with a sustained return to target given that services prices are more sensitive to domestic wage dynamics. Negotiated wage growth across the eurozone ran at 4.3% year-on-year in Q1 2026, easing from 4.7% in Q4 2025 but still elevated. The ECB's June staff macroeconomic projections revised the 2026 GDP growth forecast upward from 0.8% to 1.1%, reflecting resilient labour markets (unemployment at 6.1%, a post-reunification low for Germany), recovering consumer confidence in Spain and Italy, and stronger-than-expected industrial output in France. The bank kept its 2027 inflation projection at 2.1%, implying it expects inflation to return to target only gradually.

Press conference and forward guidance
ECB President Christine Lagarde reiterated that the Governing Council was ""not pre-committing to any particular rate path"" and characterised the council's approach as ""meeting-by-meeting, data-dependent."" She pushed back against questions about a pause in September, stating the bank needed to see ""sustained evidence of disinflation momentum in services and wage data"" before considering a pause. Chief economist Philip Lane, in a post-meeting blog post, outlined three scenarios: a baseline scenario where one further hike occurs in September followed by an extended hold; an upside scenario where persistent services inflation requires two additional hikes; and a downside scenario where a demand slowdown triggers an early pause.

Market reaction and analyst views
The euro strengthened 0.4% against the US dollar and 0.2% against the pound sterling in the hour following the announcement. Two-year German Bund yields rose 6 basis points to 3.12%; ten-year Bund yields rose 4 basis points to 2.84%. Italian BTP spreads over Bunds widened 3 basis points, suggesting modest concern about the fiscal implications of a higher-for-longer environment for peripheral sovereigns. Analysts at ING, Deutsche Bank, and Barclays all revised their terminal rate forecasts to 4.00% (implying one further 25bp hike), while Goldman Sachs maintained a more hawkish view forecasting a terminal rate of 4.25%. The ECB's next scheduled policy meeting is 24 July 2026.

Named entities: Christine Lagarde (ECB President), Philip Lane (Chief Economist, ECB), European Central Bank, Deutsche Bank, ING, Goldman Sachs, Barclays.

---

Return ONLY valid JSON matching the schema. No explanation, no markdown, no extra keys.","{""summary"": ""string"", ""key_points"": [""string""], ""topics"": [""string""], ""sentiment"": ""string"", ""sentiment_score"": ""number"", ""source_type"": ""string"", ""word_count"": ""number"", ""reading_time_minutes"": ""number"", ""confidence"": ""number"", ""named_entities"": [{""name"": ""string"", ""type"": ""string""}], ""language"": ""string""}"
SUM-L-002,summarization,L,"You are a document analysis API. Summarize the following document and return structured JSON.

---

MEDITERRANEAN DIET META-ANALYSIS — THE LANCET, JUNE 2026: FULL BRIEFING

Study overview
A major meta-analysis published in The Lancet on 3 June 2026 represents the most comprehensive quantitative synthesis to date of Mediterranean diet intervention evidence. The study pooled individual participant data (IPD) from 47 randomised controlled trials conducted between 1990 and 2024, encompassing 62,000 participants across 18 countries. The IPD approach — using raw participant-level data rather than aggregate trial statistics — is methodologically superior to conventional meta-analyses and allows the researchers to adjust for confounders consistently across studies and conduct more nuanced subgroup analyses.

Primary findings
Adherence to a Mediterranean dietary pattern was associated with a 19% reduction in all-cause mortality (HR 0.81, 95% CI 0.76–0.87, p<0.001) and a 24% reduction in major adverse cardiovascular events (MACE), defined as non-fatal myocardial infarction, non-fatal stroke, or cardiovascular death (HR 0.76, 95% CI 0.71–0.82, p<0.001). These associations were consistent across study duration, geographic region, baseline cardiovascular risk, age group, sex, and BMI category. Follow-up periods ranged from 3 to 15 years, with a median of 10.2 years.

Key dietary predictors
The study conducted a component analysis to identify which elements of the Mediterranean dietary pattern drove the mortality benefit. Olive oil consumption above 20ml/day (approximately 1.5 tablespoons) was the strongest predictor: HR 0.78 (95% CI 0.73–0.84) for all-cause mortality, independent of total fat intake and caloric balance. Dietary variety in vegetables — consuming five or more distinct vegetable species per week — was the second strongest predictor (HR 0.83, 95% CI 0.78–0.89). Notably, fish consumption as an isolated component showed no statistically significant independent mortality benefit (HR 0.96, 95% CI 0.90–1.02), contradicting several smaller prior studies. Red wine consumption showed a J-shaped association with benefit only at 1–2 units/day in men and 1 unit/day in women; higher consumption showed null or harmful associations.

Limitations and researcher comments
The lead author, Professor Elena Martínez (University of Barcelona), cautioned that RCT settings typically overestimate real-world dietary intervention effects due to participant selection bias, Hawthorne effects, and adherence decay over time. She called for parallel investment in large naturalistic prospective cohorts with repeated dietary assessment. Professor Tim Chico (University of Sheffield), not involved in the study, characterised the findings as ""the strongest evidence yet"" for the Mediterranean diet but noted the difficulty of attributing effects to diet alone given the lifestyle co-variates common in Mediterranean-pattern adherents.

Funding and conflicts
Funded by the European Research Council (grant ERC-ADG-2021-101054) and the Spanish Ministry of Health. No pharmaceutical or food industry funding. All authors declared no conflicts of interest. Pre-print posted on medRxiv April 2026; 312 citations recorded by publication date.

Named entities: Elena Martínez (University of Barcelona), Tim Chico (University of Sheffield), The Lancet, European Research Council, University College London, Spanish Ministry of Health.

---

Return ONLY valid JSON matching the schema. No explanation, no markdown, no extra keys.","{""summary"": ""string"", ""key_points"": [""string""], ""topics"": [""string""], ""sentiment"": ""string"", ""sentiment_score"": ""number"", ""source_type"": ""string"", ""word_count"": ""number"", ""reading_time_minutes"": ""number"", ""confidence"": ""number"", ""named_entities"": [{""name"": ""string"", ""type"": ""string""}], ""language"": ""string""}"
SUM-L-003,summarization,L,"You are a document analysis API. Summarize the following document and return structured JSON.

---

AMSTERDAM URBAN MOBILITY PLAN 2030 — FULL BRIEFING

Council vote and political context
Amsterdam's municipal council approved the Urban Mobility Transformation Plan 2030 on 10 June 2026 by a vote of 31 in favour to 14 against, with 2 abstentions. The majority coalition of GroenLinks, D66, PvdA, and SP voted unanimously in favour. The VVD, CDA, and JA21 groups voted against. The PvdD supported the plan but abstained on the specific congestion pricing annex, citing concerns about the charge level for diesel vehicles used by tradespeople. The plan has been in development since January 2025 and underwent two rounds of public consultation attracting 4,800 written submissions. The final text incorporates 14 of 22 amendments proposed during the consultation.

Objectives and targets
The plan's headline target is a 40% reduction in private vehicle trips within the A10 ring road by 2030, measured against a 2024 baseline of 340,000 daily motorised trips. Secondary targets include a 30% reduction in transport-related NOx emissions, a 25% increase in daily cycling trips, and a 15% reduction in pedestrian journey times on key shopping streets. The plan explicitly excludes freight and emergency vehicles from congestion pricing and vehicle access restrictions.

Key measures
Tram network expansion: Extension of tram lines 5 and 26, adding 12 km of track and 9 stops. Line 5 extension (7 km, Amstelveen border to Sloterdijk) scheduled for opening Q3 2027. Line 26 extension (5 km, Centraal Station to Zeeburgereiland) scheduled Q1 2029. Total estimated cost EUR 148M.

Congestion pricing: Introduction of dynamic congestion charges on 8 arterial routes: Nassaukade, Overtoom, Wibautstraat, Sarphatistraat, Stadhouderskade, Mauritskade, Piet Heinkade, and Valkenburgerstraat. Charges range EUR 2 per entry (off-peak, Euro 6 vehicles) to EUR 5 per entry (peak hours, pre-Euro 6 vehicles). Zero-emission vehicles exempt until 2028. System procured from Kapsch TrafficCom. Operational target Q2 2027.

Cycling infrastructure: Conversion of 4,200 on-street parking spaces to cycling and shared micro-mobility infrastructure across 34 streets. Priority given to school routes and connections to new tram stops. Implementation 2026–2028.

E-bike subsidy: EUR 1,500 subsidy per eligible household (income below 130% of social minimum, Amsterdam resident for minimum 2 years). Estimated 18,000 beneficiaries. Budget EUR 27M. Applications open Q3 2026 via city portal.

Funding structure
Total plan cost: EUR 340M. National Mobility Fund: EUR 180M (confirmed Q1 2026). Municipal reserves: EUR 90M. Projected congestion pricing net revenue: EUR 70M (5-year projection, after operating costs). An independent fiscal audit commissioned by the council estimated revenue sensitivity of ±EUR 20M depending on behavioural elasticity assumptions.

Implementation governance
A new Mobility Transition Office (MTO) will be established by September 2026, reporting directly to Alderman for Traffic and Public Space Sofie de Boer. The MTO will publish quarterly progress reports and an annual independent review. A Residents' Advisory Panel of 20 members (randomly selected from the Amsterdam population register) will meet bi-monthly.

Named entities: Sofie de Boer (Alderman for Traffic, Amsterdam), GroenLinks, D66, PvdA, SP, VVD, CDA, JA21, PvdD, Kapsch TrafficCom.

---

Return ONLY valid JSON matching the schema. No explanation, no markdown, no extra keys.","{""summary"": ""string"", ""key_points"": [""string""], ""topics"": [""string""], ""sentiment"": ""string"", ""sentiment_score"": ""number"", ""source_type"": ""string"", ""word_count"": ""number"", ""reading_time_minutes"": ""number"", ""confidence"": ""number"", ""named_entities"": [{""name"": ""string"", ""type"": ""string""}], ""language"": ""string""}"
SUM-L-004,summarization,L,"You are a document analysis API. Summarize the following document and return structured JSON.

---

TESLA Q1 2026 EARNINGS — FULL BRIEFING

Results overview
Tesla Inc. reported first-quarter 2026 financial results after market close on 22 April 2026. Revenue came in at USD 21.3 billion, 7.8% below Wall Street consensus of USD 23.1 billion and 4.9% below Q1 2025 revenue of USD 22.4 billion — Tesla's first year-on-year quarterly revenue decline since Q2 2020. Net income was USD 1.1 billion (USD 0.33 diluted EPS), down 41.5% from USD 1.88 billion (USD 0.56 EPS) in Q1 2025. Adjusted EBITDA margin contracted to 11.2% from 14.9% a year prior.

Vehicle segment
Deliveries of 336,000 units missed the consensus estimate of 370,000 and represented an 8.2% decline from Q1 2025 (366,000). Model 3 and Model Y combined accounted for 318,000 units. Cybertruck deliveries were 11,000. Semi and Roadster combined were 7,000 (up from 2,000 in Q1 2025). Gross automotive margin declined 280 basis points year-on-year to 14.6%, driven by a USD 2,000 average vehicle price reduction implemented in January 2026, higher depreciation on new manufacturing equipment, and an unfavourable shift in mix toward lower-margin base trim variants.

Management explanation
CEO Elon Musk attributed the delivery miss to two factors. First, Gigafactory Texas underwent planned retooling for the refreshed Model Y (internally codenamed Juniper), which reduced Texas production capacity by approximately 40,000 units in the quarter. Musk stated retooling was complete as of 1 April and that Q2 was tracking ahead of plan. Second, the Chinese market experienced intensifying competition: BYD's Seal and Han models, NIO's ET5T, and Li Auto's L6 are competing directly in the RMB 220,000–350,000 price segment. Tesla's China market share declined from 10.4% in Q1 2025 to 7.8% in Q1 2026. CFO Vaibhav Taneja flagged that the January price reductions were intended to defend volume rather than margin, a deliberate near-term trade-off.

Energy and services segments
Energy generation and storage revenue was USD 3.1 billion, up 67% year-on-year and a quarterly record, driven by Megapack deployments at utility-scale projects in California, Texas, and Australia. Services and other revenue was USD 2.2 billion, up 19%, reflecting growth in Full Self-Driving subscription attach rates and body shop network expansion. Together these segments partially offset automotive weakness and are increasingly material to Tesla's total revenue mix (25% in Q1 2026 vs 17% in Q1 2025).

Guidance and outlook
Tesla did not provide formal financial guidance. Musk told analysts Q2 deliveries were expected in the 390,000–400,000 range. The company reiterated its target of launching a lower-cost vehicle (widely expected to be a USD 25,000 Model 2) in late 2026, and confirmed Full Self-Driving v13 would begin limited rollout in Q2. Tesla shares fell 6.2% to USD 178.40 in after-hours trading. A short-seller note from Citron Research called the results ""structurally concerning""; Wedbush maintained its Outperform rating with a USD 300 price target.

Named entities: Elon Musk (CEO, Tesla), Vaibhav Taneja (CFO, Tesla), Tesla Inc., BYD, NIO, Li Auto, Gigafactory Texas, Citron Research, Wedbush Securities.

---

Return ONLY valid JSON matching the schema. No explanation, no markdown, no extra keys.","{""summary"": ""string"", ""key_points"": [""string""], ""topics"": [""string""], ""sentiment"": ""string"", ""sentiment_score"": ""number"", ""source_type"": ""string"", ""word_count"": ""number"", ""reading_time_minutes"": ""number"", ""confidence"": ""number"", ""named_entities"": [{""name"": ""string"", ""type"": ""string""}], ""language"": ""string""}"
INT-S-001,intent_classification,S,"You are an intent classification API. Classify the intent of the following user message and return structured JSON.

---

I've been trying to reset my password for the last hour and nothing is working. This is really frustrating, I need to get into my account urgently.

---

Return ONLY valid JSON matching the schema. No explanation, no markdown, no extra keys.","{""intent"": ""string"", ""confidence"": ""number""}"
INT-S-002,intent_classification,S,"You are an intent classification API. Classify the intent of the following user message and return structured JSON.

---

Can you show me how to upgrade my current plan to the Pro tier? I'd like to know what features are included.

---

Return ONLY valid JSON matching the schema. No explanation, no markdown, no extra keys.","{""intent"": ""string"", ""confidence"": ""number""}"
INT-S-003,intent_classification,S,"You are an intent classification API. Classify the intent of the following user message and return structured JSON.

---

Hi, I'm having trouble connecting my Spotify account to your app. It keeps saying authorisation failed.

---

Return ONLY valid JSON matching the schema. No explanation, no markdown, no extra keys.","{""intent"": ""string"", ""confidence"": ""number""}"
INT-S-004,intent_classification,S,"You are an intent classification API. Classify the intent of the following user message and return structured JSON.

---

What are your opening hours and do you have a branch in Utrecht?

---

Return ONLY valid JSON matching the schema. No explanation, no markdown, no extra keys.","{""intent"": ""string"", ""confidence"": ""number""}"
INT-M-001,intent_classification,M,"You are an intent classification API. Classify the intent of the following user message and return structured JSON.

---

Hi there, I've been locked out of my account since yesterday evening. I tried the password reset link three times but I never receive the email — I've checked my spam folder. My username is jvandenberg_82 and the account email should be j.vandenberg@kpn.nl. I have a subscription renewal coming up on Friday and I'm worried about losing access before then. Please can someone help me sort this out as quickly as possible.

---

Return ONLY valid JSON matching the schema. No explanation, no markdown, no extra keys.","{""intent"": ""string"", ""confidence"": ""number"", ""sub_intent"": ""string"", ""sentiment"": ""string""}"
INT-M-002,intent_classification,M,"You are an intent classification API. Classify the intent of the following user message and return structured JSON.

---

I'm currently on the Starter plan and I'd like to understand what I'd get if I moved to the Pro plan. Specifically I'm interested in whether Pro includes API access, how many team members I can add, and whether there's a trial period before I commit. I've been using the product for about 6 months and I think I'm ready to upgrade but I want to make sure before I put it to my finance team.

---

Return ONLY valid JSON matching the schema. No explanation, no markdown, no extra keys.","{""intent"": ""string"", ""confidence"": ""number"", ""sub_intent"": ""string"", ""sentiment"": ""string""}"
INT-M-003,intent_classification,M,"You are an intent classification API. Classify the intent of the following user message and return structured JSON.

---

I'm trying to connect my company's Salesforce instance to your platform using the OAuth integration. I followed the setup guide but when I click Authorise, it redirects back to your app with an error message that says 'redirect_uri_mismatch'. I've double-checked that the callback URL in our Salesforce connected app matches what your docs specify. This is blocking our go-live which is scheduled for Monday. Can you help me debug this urgently?

---

Return ONLY valid JSON matching the schema. No explanation, no markdown, no extra keys.","{""intent"": ""string"", ""confidence"": ""number"", ""sub_intent"": ""string"", ""sentiment"": ""string""}"
INT-M-004,intent_classification,M,"You are an intent classification API. Classify the intent of the following user message and return structured JSON.

---

Good morning, I'm reaching out on behalf of Deltacore BV. We're a mid-sized logistics company based in Rotterdam and we're looking for an enterprise contract for around 40 users. Could you send me information about your enterprise pricing, volume discounts, and whether you offer dedicated onboarding support? We'd also like to know if there's an SLA available and whether data is stored within the EU.

---

Return ONLY valid JSON matching the schema. No explanation, no markdown, no extra keys.","{""intent"": ""string"", ""confidence"": ""number"", ""sub_intent"": ""string"", ""sentiment"": ""string""}"
INT-L-001,intent_classification,L,"You are an intent classification API. Classify the intent of the following user message and return structured JSON.

---

Hello, I'm writing to complain formally about the experience I had with your customer support team last week. On 2 June I contacted you about a billing error — I was charged EUR 89.99 instead of the EUR 49.99 price shown on your pricing page at the time of my renewal. The first agent I spoke to told me the price had changed and I should have received an email notification, which I never did. They offered me a EUR 10 credit which I declined as it doesn't cover the overcharge. I was escalated to a supervisor who promised to call me back within 24 hours. That call never came. I called again on 5 June and was told a refund had been 'processed' but I have not seen it reflected on my credit card statement as of today. I am a customer since 2022 and have always renewed on time. I would like a full refund of the EUR 40 overcharge, a written explanation of why I wasn't notified of the price change, and confirmation of when the refund will appear. If this isn't resolved within 5 business days I will be disputing the charge with my bank and leaving a review on Trustpilot. My account email is m.jansen@outlook.com and my customer ID is CUS-00482910.

---

Return ONLY valid JSON matching the schema. No explanation, no markdown, no extra keys.","{""intent"": ""string"", ""confidence"": ""number"", ""sub_intent"": ""string"", ""sentiment"": ""string"", ""urgency"": ""string"", ""entities"": [{""value"": ""string"", ""type"": ""string""}], ""suggested_action"": ""string"", ""fallback"": ""boolean""}"
INT-L-002,intent_classification,L,"You are an intent classification API. Classify the intent of the following user message and return structured JSON.

---

Hi, I'm the IT manager at Farrow & Linden Consulting (around 180 employees). We're currently evaluating your platform as a potential replacement for our existing solution, which we're planning to phase out by Q3 2026. We're specifically trying to assess three things: first, your SOC 2 Type II compliance status and whether you can share the most recent audit report under NDA; second, how your API handles bulk user provisioning — we'd be doing SCIM sync from Azure Active Directory and need to know if there are rate limits and how large batches are handled; and third, your data residency options — we need all data stored in EU regions and would need a DPA in place before signing. We've already had a product demo so we don't need a general walkthrough. Can you connect me with your enterprise or solutions team directly? My contact details are below.

---

Return ONLY valid JSON matching the schema. No explanation, no markdown, no extra keys.","{""intent"": ""string"", ""confidence"": ""number"", ""sub_intent"": ""string"", ""sentiment"": ""string"", ""urgency"": ""string"", ""entities"": [{""value"": ""string"", ""type"": ""string""}], ""suggested_action"": ""string"", ""fallback"": ""boolean""}"
INT-L-003,intent_classification,L,"You are an intent classification API. Classify the intent of the following user message and return structured JSON.

---

Hi, I purchased your annual plan three days ago (order ref ORD-2026-88341) and I've changed my mind — the platform doesn't support the custom reporting fields I need, which weren't clear from the feature list before I bought. I'd like a full refund under your 14-day money back guarantee which is advertised on your pricing page. I've exported all my data already and I'm not using the account. Please could you process the refund to the original payment method (Visa ending 4821) and confirm by email when it's done. I'd also appreciate if someone could feed back to the product team that the limitations around custom fields should be more clearly communicated on the pricing page — I spent 2 hours on setup before realising it wouldn't work for my use case.

---

Return ONLY valid JSON matching the schema. No explanation, no markdown, no extra keys.","{""intent"": ""string"", ""confidence"": ""number"", ""sub_intent"": ""string"", ""sentiment"": ""string"", ""urgency"": ""string"", ""entities"": [{""value"": ""string"", ""type"": ""string""}], ""suggested_action"": ""string"", ""fallback"": ""boolean""}"
INT-L-004,intent_classification,L,"You are an intent classification API. Classify the intent of the following user message and return structured JSON.

---

I want to report a potential security issue with your mobile app. On 8 June 2026 I noticed that after logging out of the app on my iPhone 15, I was still able to access my account data by pressing the back button in the browser without re-authenticating. I'm not a security researcher but this seemed wrong to me. I also noticed the session token appears to still be valid even after logout — I was able to make an API call using the token I captured from the network inspector and it returned my account data. I'm happy to provide more technical details or screenshots if helpful. I think this is a session invalidation issue. Can you escalate this to your security team? I'd prefer you don't share my details publicly — my account email is t.okafor@pm.me.

---

Return ONLY valid JSON matching the schema. No explanation, no markdown, no extra keys.","{""intent"": ""string"", ""confidence"": ""number"", ""sub_intent"": ""string"", ""sentiment"": ""string"", ""urgency"": ""string"", ""entities"": [{""value"": ""string"", ""type"": ""string""}], ""suggested_action"": ""string"", ""fallback"": ""boolean""}"
